,Cleaned Data
676,one bright even early may din passy dinner sit two girls old duval terrace
963,besides might true uncle maurice america
439,buy ninety thousand sell hundred forty thousand
666,two young men much passy invitations elsewhere force invent really exist
468,go keep moment say marsac wonderful quickness hustle two girls nothing loath closet willingly shut door titter predicament
681,old duval poor opinion plato saunter end terrace close hedge overlook highroad
473,fontaine receive modestly marsac eulogise uncle maurice point goodness indicate every feature portrait hang wall
758,enough young men
398,listen
1032,monsieur marsac say concoct conduct extraordinarypg 184 fraud ever perpetrate upon
265,ought afternoon paper
1026,prepare depart house intend preside
1102,lot things project gutenberg electronic work follow term agreement help preserve free future access project gutenberg electronic work
997,would marry monsieur marsac commit suicide even rather live house delphine scarcely conscious say gleam wicked amusement madame fleurys eye show make dangerous slip
590,go see tomorrow pardon busy man introduce business let ask give refusal villa melun get see sorry disappoint day ball
174,try speak calmly naturally word jerk stammer stutter gggood madame feel pleasedno mean honouredthan explainexpress
1025,im washerwoman ladies gentlemen implore marsac explain future day fact remain monsieur fleury old duvals face study begin stammer iidont think marry madame hopelessness situationpg 183 plain madame fleury
217,fontaine drop limp upon pg 41 chair sit bury arm picture misery
1062,invention uncle maurice rank orestes pantagruel quixote splendid creations imagination real us sir uncle maurice
40,marsac always make laugh spite
642,hurrah
926,seem fat persons marsac fontaine particularly wish see
891,better clothe say apologetically thoughpg 158 havent bag never mind say marsac cordially go quarter around corner key
374,happy event accomplish marsac promise fontaine rid madame fleury position ask hand claire duval fontaine grow every day passionately love although months since see
67,cost get debt side
28,seven weeks rub scrub see colour money yet madame schmid stop moment take breath notice door lead corridor dart begin tug vigorously knob
1121,however provide access distribute copy project gutenberg work format plain vanilla ascii format use official version post official project gutenberg website www must additional cost fee expense user provide copy mean export copy mean obtain copy upon request work original plain vanilla ascii form
1145,section 2
139,one
524,try fool
65,soon get work make precious little money
554,one day king disoblige fly pg 96 passion
907,suppose auguste claire find say tremendously long private interview ask wish bottom heart marsac would showpg 161 inclination toward long private interview
289,marsac spend day patch clean awkward industry fontaines tear coat trousers
595,well say suppose fontaine give journalism dont know respond fontaine dubiously always like profession pg 105 case reply maurepas make offer
677,even warm season coffee serve doors
842,little old man shabby little old man clutch rusty travellingbag tremble hand
783,put envelope back cardcase think letter
1152,foundations ein federal tax identification number 646221541
1009,monsieur duval first recover voice disgust exclamation creature count say count correct marsac
220,thats way show please explain marsac serious manner
113,let seewhat happen 20th february
788,tire stoop presently sit grind face steadily eye
547,ought mend would sacrilege touch sofa
194,pray madame fleury dont believe
467,old duval exclaim fontaine drop limp chair first sound voice
768,pg 136 dear sir cry beg mention mademoiselle delphine
431,engage man cry marsac fontaine groan tear hair
1021,cry delphine almost beside jealousy
1092,may use ebook nearly purpose creation derivative work report performances research
865,dare say hear false report dead answer marsac put mourn go society several weeks pg 155 seem overjoy poor old man
499,marsac see keep
111,marsac take almanac begin turn leave
884,rubbish
650,secretly hire another lodge avoid suspicion make move toward pay rent madame fleury spite come intopg 115 ready money
1091,charge anything copy ebook comply trademark license easy
471,barely shove scarcely marsac time seat meditative attitude book fontaine old duval enter greet marsacpg 81 could hear madame schmid prance corridor wrath
868,theres proof real respect
810,sunset glow still upon hill marsacs keen eye recognise monsieur duvals victoria madame fleury stout nankeen trousers gaiters panama hat lap could old duval
1109,1 copyright laws place locate also govern work
71,fontaine ask franc shoe reply franc
57,marsac part could look speak fontaine without show affection elder younger brother
966,go apartment make ready come see us
675,event intend cross bridge come advantage gain fictitious uncle werepg 120 solid nature even uncle maurice turn could rob entire fruit scheme
730,put brutally frank fashion represent yes reply madame fleury
121,try drown seinewith lifepreservers course police find lifepreservers us instead make us favourably know humphwe glad enough hush affair
532,would like horse try play fiddle oh well need mind widow
796,madame fleury saw bits much secrecy marsac begin collect smile convince marsac tear contract
964,morning uncle maurice arrive paris direct find auguste
1064,clever fellow
249,course uncle maurice hasnt die leave fortune let world think see fortunespg 46 make
1034,allow say marsac low bow present ladies gentlemen monsieur maurice fontaine late new york henceforth paris madame fleury seem literally stun sight little old man without notice sensation make appearance go round circle shake hand forget madame fleury gavepg 185 hand like woman nightmare ask little niece claire run look smilingly face say uncle maurice old man gratification touch
390,open without word take four bottle champagne
850,augustes uncle america
639,love lord
357,think monsieur auguste inform say madame fleury consider relations ah madame widow canpg 62 idea bashfulness young man like fontaine first love affair
155,monsieur fleury bad
339,retreat
947,determine course marry
922,nerve take think desperate chance tell love face harden deliberately turn back pick fancywork seat
879,come see uncle whisper marsac
264,time lose cry throw palette brush
32,madame schmid good obedient alsatian husband talk death years andpg 6 landais late lament schmid town
694,picture paint admirable objections manspg 124 know something art sell picture say monsieur duval cautious praise
130,never expect draw produce
187,soon madame fleury mention offer hand fontaine look marsac suppose either friend go crazy marsacs cool demeanour prove least sane
66,marsac inspire one idea send every franc make back fund repay sum advance astonishingly short time
782,letter moment ago envelope
1084,hurrah
363,however story uncle maurice fortune true shall look forward satisfaction ever 15th may
278,fontaine rally enough run window call marsac back
426,marsac know turn thoughts take say slyly meet old duval today fontaine jump shoot
896,language could express depth height breadth catastrophe befall
457,ruin reputations handsome young thing like find apartment madame schmid sputter protest oblige drink champagnepg 79 willynilly still able make good deal noise
944,ha
927,duvals house turn morning within five minutes marsacs delphines latest misunderstand footman appear announce another startle arrival
1087,marsac love beloved pg 194 tell one thing interrupt monsieur duval ponderous solemnity marsac fool end project gutenberg ebook sprightly romance marsac update editions replace previous onethe old editions rename
320,first time really din weeks
1054,monsieur duval watch exit say slowly perhaps better fleurys shoe great deal better remark uncle maurice solemnly shes much monsieur duval great truth seem strikepg 189 old brewer much force madame schmid say point fleurys depart man weigh near two hundred pound marry woman believe lose less pound day since time see
936,get room without kiss delphine look amazement become pale marsac turn blue face
794,idea come marsacs almost make laugh aloud
246,sit awhile moneythe poor lad sou two francsquite enough several days piteous see weak pretences
163,seem marsac actually felt temperature room fall ten degrees every second
95,midst come knock doornot whack like madame schmids tap like landaiss knock delicate yet firm polite peremptory
484,old duval persist motive ridiculously clear every word daughter fond melun placemy daughter could scarcely persuade leave even finer house passy marsac urge apparently unwilling fontaine accept offer mention several countesses duchesses princesses acquaintance think buy place melun
789,vexatious lose letter say madame fleury
389,last fontaine begin impatient walk marsac carry violincase hand
239,hurrah
609,marsac interfere
930,poor marsacs nerve sufficiently unstring uncle maurices arrival madame schmids seemedpg 166 likely finish
1094,redistribution subject trademark license especially commercial redistribution
77,friends madamepg 13 schmid monsieur landais leave us souvenirs put use begin deftly cut bill stout paper square piece mend screen like everything else room hole
144,hear
631,fontaine marsac leave alone sit look intently simply stun good fortune
707,need two pair eye watch four legs run away widow concern disappear
864,good boy
170,madame fleury marsacs embarrassment lose although new woman still woman womanly pride impel control slight tremor nerve say voice studiedly cold mere matter business convenience pg 31 give marsac think loophole escape say hurriedly madame innocence regard marriage matter sentiment imagine chagrin though madame fleury smile blush like girl reply well monsieur marsac marsac saw moment pit dig prefer play part poltroon step
780,seize itpg 138 put pocket next moment saw madame fleury cross swiftly toward alone
1005,clench teeth eye flash fire hold stoutly monsieur duval grow white chop
347,explain go traditions family engage trade immensely successful forgive
241,unclepg 45 maurice die leave fortune
986,unfortunate oversight part monsieur marsac get hold tear bits afterward try burn
953,ill tell wife alive oh cry like baby marsac seize hand could cry breathlessly go
757,mature man monsieur duval say madame fleury wipe eye
1063,endow every virtue find happily do justice marsac fold arm assume look triumphant virtue
664,delphine whit behind marsac fall love scorn outdo rail love marriage quote plato nordau make miserable manner truly feminine
498,club dukes marquises sometimes four deep around eye soninlaw widow poor fellow insure life eat whet old duvals desire considerably
226,think imagine could trap us way
744,draw closer monsieur duval tap hand gently cardcase soon grow let hand rest pour ears story allege engagement fontaine
1001,marsac raise eyebrows inquire see madame fleury cut even monsieur duval could reply see betrothal monsieur duval marsacs wide handsome mouth come open hinge
443,women fear matrimony show regard sex remain bachelor
394,fontaine astound
237,hear roundabout way dead nothing leave anybody likely sigh marsac
607,tell would see monsieur duval today forget
1116,redistribute provide access work phrase project gutenberg associate appear work must comply either requirements paragraph 1 1 obtain permission use work project gutenberg trademark set forth paragraph 1 1 1 individual project gutenberg electronic work post permission copyright holder use distribution must comply paragraph 1 1 additional term impose copyright holder
218,awkward humiliate smallest doubt marsac think capable meet emergency would eventually get scrape
643,hurrah
817,old duval return late night drive madame fleury paris conduct since make family miserable
764,presently rise walk marsac stand begin whisper embarrass manner say monsieur marsacpray pardon askingwould youerahbe kind enough tell meexcuse inquire herepg 135 old fellow burst explosively devil stick answer marsac think would like protection presence circumstances welli dont occur suggest make offer madame fleury
371,franc
979,delight see daughter niece answer madame fleury smile
543,seem saidpg 95 thatahemyour friend might better quarter
46,time waste ill leave bill go say landais lay bill rickety go madame schmid clack angrily way downstairs
1154,foundations business office locate 809 north 1500 west salt lake city ut 84116 801 5961887
804,dear fellow cry marsac tone suppress rapture take contract curse paper
229,suppose would let get trap could get give comfort fontaine sublime faith marsacs power well friendship
351,madden part
287,day two friends sit garret unable accountpg 52 fontaines dilapidate clothe marsacs want shoe go get anything eatfor could still go restaurant near newspaper office get dinner credit
1120,1 may convert distribute work binary compress mark nonproprietary proprietary form include word process hypertext form
114,ah
495,know matter anybody except fontaine assure two millions think monsieur fontaine feel toward daughter marsac knit brows thoughtfully
60,fontaine best blood province neither father mother brother sister near relative live
706,fontaine monsieur duval waddle make remarkably good time gentleman years return say impressively take care shepg 126 doesnt bamboozle
236,presently say gloomy indifference uncle americanuncle mauricewho france twentyfive years last hear live fifteen cents day new york
1161,send donations determine status compliance particular state visit www cannot solicit contributions state meet solicitation requirements know prohibition accept unsolicited donations donors state approach us offer donate
937,pg 167 perceive way murmur delphine scarcely audible voice make door
293,poor fellow do best clearly presentable
399,come home saw two poor creatures stand front pastry shop close eye cake window without sou buy anything
209,madame fleury exchange present name one distinguish name among great families francewhichpg 39 true enough far fontaines name concern
745,accord account fontaine pursue importunity make consent engagement refuse fulfil
584,every moment pass one anothers society draw four young hearts closer togetherfontaine claire willingly marsac delphine loudly protest abuse emotions bear hearts yet grow like jonahs gourd
1136,receive work physical medium must return medium write explanation
78,afraid smallpox story wont judicious subterfuge fontaines reply
955,month ago fleury come walk place ask lodgings
712,one hand carry parasol silver cardcase
628,sign little memorandum fontaine pass paper directly soon get
656,smallest clew whereabouts go work quietly find
1147,exist efforts hundreds volunteer donations people walk life
530,ha
123,newspaper take trouble investigate send reporter illluck would fellow catch us waltz others arm joy get dinner invitationand anything could call dinner three weeks
1052,endow every virtue man gentleman seem clairvoyant uncle maurice laugh excessivelypg 188 hand smaller roll old bag marsac say well would like nephew less kind nephew less obligation hundred thousand francs mere nestegg
342,naturally still set story legs begin receive letter condolence mix congratulations force reply paper black border inch deep sign inky sealingwax even begin believe uncle maurice die leave fortune
619,great fool marsac hand fontaines crapecovered hat
784,see grind anywhere madame answer marsac look steadily eye gaze steadily return
1153,contributions project gutenberg literary archive foundation tax deductible full extent permit u federal laws state laws
646,pull begin dance gaily marsac find madame schmid keyhole listen drag corridor seize round waist begin waltz furiously hurrah uncle maurice top lungs sing doggerel verse madepg 113 dance end joyous refrain houpl
685,presently monsieur duval hear call monsieur marsac marsac plato become wellnigh intolerable lay book vicious slam walk end terrace almost sight hear
738,monsieur duval
129,course wont draw shut managers box
659,meanwhile catastrophe indicate first meet marsac delphine fall violent manner
420,savary manager gaiet theatre
920,tenderness amount adoration marsacthe ready witty glib daringwas silent abash presence masterpassion
474,yes yes say monsieur duval great stroke luck young man hope worthy fontaine reply hop prove entirely worthy uncle maurices goodness
626,would well tell monsieur duval fontaine get large advance
945,fontaine rapturously happy wait minute
413,one bind give different explanation get quarrel fortune make
523,nonsense
853,uncle maurice
576,young people talk gaily together sip champagne bless coachman take long bring another carriage
557,mirror bellow worth together twentyfive thousand francs old duval examine highest respect
570,especially true time great calamity pg 99 yes indeed say marsac energy
344,however simply force invent biography uncle maurice name date events
941,well msieu begin madame schmid air importance come tell pretty boy fontaine something like hear
182,rent show superior intelligence monsieur marsac greatest difficulty make understand come respond madame fleury
691,continue smile danger delphine believe talk nothing except folly love love true respond marsac gloomily try drown champagne resentment felt scurvy trick fate play
304,almost first time life ever really well dress elegantly simple costume bring aristocratic beauty
36,call work wish could sit easychair amuse pen day instead toil cuttingboard answer tailor ruefully
1095,start full license full project gutenberg license please read distribute use work protect project gutenberg mission promote free distribution electronic work use distribute work work associate way phrase project gutenberg agree comply term full project gutenberg license available file online www section 1
1131,1 1 project gutenberg volunteer employees expend considerable effort identify copyright research transcribe proofread work protect u copyright law create project gutenberg collection
1160,solicit donations locations receive write confirmation compliance
1100,things project gutenberg electronic work even without comply full term agreement
110,kindly recall date continue madame fleury
128,send play manager notice take write didnt believe would draw
635,singular sensation felt instant eye rest delphine
25,oh know somewhere
1,may copy give away reuse term project gutenberg license include ebook online www locate unite state check laws country locate use ebook
1065,clever fellow chuckle uncle maurice delightedly
720,madame uncle uncle let beg give pursuit fontaine
138,marry without qualm true answer marsac gravely men pick uppg 25 poisonous snake dangle air
415,ibsen skirt dance go nowadays
178,marsac saw moment madame fleury would much rather kill marry speak cold dignity make feel like mouse exhaust airreceiver
81,fact continue man enter journalism ought education suitable profession
670,last reputation amply confirm brilliant article sign fontaine write marsac sparkle three time week upon page la lune short appear mere report pg 119 fortune two million francs enough produce two million francs
844,tongue cleave roof mouth could feel hair rise
1033,firmly convince never uncle maurice story death fortune pure invention marsacs begin end story death grant mistake blandly respond marsac uncle maurice marsac step door open uncle maurice evidently bubble delight enter still hold seedy old bag
717,nature may ask madame fleury smile scornfully marsacs pretend ignorance
489,monsieur fontaine oblige tell porter direct wait awhile case quite ready go monsieur duval object get fontaine way moment door close upon draw chair marsacs begin seriously mop forehead anxiety know monsieur marsac always think extremely well monsieur fontaine come snug fortune mind heif daughter herepg 86 monsieur duval wink marsac grin appreciatively
120,fontaine donepg 22 everything short felony bring public fail
402,credit though thank admirable uncle maurice good supper home say warm fill
64,take honour class graduate highest distinction marsac go paris along fontaine seek fortunes journalism
882,best thing face music
406,read letter continue thrust letterpg 70 marsacs hand
634,fontaine glorious tell one thing
311,rubicon pass reply fontaine step
956,say drown say wasnt say wife think say hope keep think hadnt heart betray poor creature say nothing hear new move wifes determine tell around corner wineshop cry drink must come pg 169 two minutes later delphine saw upper window madame schmid parade street marsac gallantly hold yellow parasol red bonnet attend duchess
1071,outside window fountains plash may air day blue gold
801,madame fleury rise shake skirt place say see monsieur fontaine illsatisfied visit may pleasure escort carriage ask marsac
845,frankenstein monster come life could felt horror
388,intervals walk wonder marsac late fontainepg 67 would read reread letter evident delight
1099,may use associate way electronic work people agree bind term agreement
612,want buy great hotel avenue de lalma seven hundred fifty thousand francs
131,send name fontaine aristocratic marsac
773,within two minutes say loud voice mean marsac hear come madame let us look fontaine garden two walk round corner terrace direction opposite garden
315,wish private room gentlemen ask
180,without observe madame fleury sit little one side burst good marsac shoemaker say three francs shoe see madame fleury stop overwhelm embarrassment
688,well well continue monsieur duval wont say anything subject since delphine touchy
183,awfully sorry keep fontaine havent sou except thisholding two francsand accident way ruin coat trousers marsac shoe dont know shall fontaine stop half cry
366,predictpg 63 years young man think call fiance years back fiance would call madame fleury hear utter marsacs airiest manner inscrutable smile
497,monsieur duval say marsac confidentially idea poor fellow persecute withpg 87 proposition sort since uncle maurices death
224,think unlikely prospect marry handsome young man far social position might really madame fleurys mind
276,hard struggle may meet flatter reception family really near relative feel quite able take care
1082,ever meet old scoundrel side styx promise kick lower regions deprive one hour sweet knowledge delphines love hurrah cry uncle maurice
633,stand grasp five minutes silent rapture marsacs countenance losingpg 111 blissful expression become suddenly grave
11,one fontaine run incontinently closet hide marsac ghastly pretence joke madame schmids whack sound like three give comdie franaise curtain go stalkedpg 2 dignity corridor door
503,woman great swell rude coarse creature old enough fontaines mother washerwoman tell
298,charlevois one best tailor paris say take liberty send monsieur auguste fontaine several suit clothe ask inspection
245,take misfortunes much heart unbalance
1055,well must go
1049,perhaps dont know say madame fleury uncle maurice stop somewhat precipitate flight toward door marsac start story give fontaine fortune thenha
887,uncle maurice charm reception get fontaine immediately begin joke claire
1061,pg 190 noble romance mean reply marsac
601,great journalists dinner give 17th want call upon make speech namepg 106 younger members staff la lune couldnt
933,errand professional one wear gorgeous red bonnet flower green mantle spangle purple gown strip yellow parasol look something like bird paradise
823,begin morbid apprehension real uncle maurice turn last worst saddle reputation brilliancy found upon play speech pictureall marsacs work ably sustain series powerful article sign write marsacwhich simply madden
89,could help translate hundreds thousands say owe tailor nearly seven thousand francs quite seven hundred
349,adorn every virtue
967,shall nice shall make papa claire dearest heart world burst delphine generously forget misery love respect care whether auguste fortune talents answer claire proudly fortune
1058,old duval still seem daze dead live uncle maurice
61,one hearts must love something could help love marsac tall lithe boy older quite able fight fontaines battle well
673,everybody believe defunct uncle maurice fontaine marsac actually seem deceive illusion would talk quite gravely uncle mauricehis taste habit appearance
550,forget exactly pay insure forty thousand francs monsieur duvals mouth come wide open surprise
511,oh deceiver
1156,information donations project gutenberg literary archive foundation project gutenberg depend upon cannot survive without widespread public support donations carry mission increase number public domain license work freely distribute machinereadable form accessible widest array equipment include outdated equipment
583,marsac declare felt like go mourn grateful uncle maurice do fontaine fontaine perfect truth say think hispg 102 uncle maurice relative world
1130,contact foundation set forth section 3
918,know nothing except monsieur maurice fontaine alive paris shortly perilous subject say consume anxiety regard monsieur duval comtesse de fleury
787,madame fleury grow andpg 139 anxious fail find paper
725,also introduce comtesse de fleurythink thatcoming paris madame fleury cab return comtesse de fleury splendid private carriage madame fleury laugh little
598,make proposition
47,minute disappear fontaine slip closet lock door
418,minor fault work great villany obscurity prolixity hope privilege present
785,madame fleury begin eagerly search grind letter marsac politely assist light match time time supply fastvanishing light
501,least man marry claire worthless fatherinlawpg 88 like prince de landais prey upon letter madame schmid rather baroness schmidmarsac make addition see quickly monsieur duval jump every name
556,majesty dodge smash go bellow mirrorand veritable bellow
1111,outside unite state check laws country addition term agreement download copy display perform distribute create derivative work base work project gutenberg work
338,notpg 59 count upon instant enormous sensation create
1128,comply term agreement free distribution project gutenberg work
100,marsac courteously place chair
146,however fontaine could marry claire pay debts could pay debts marry claire matter seem settle madame fleury assume strike attitude chair begin speak insinuate softness every word glance motion tell much friend tell something may result ininan arrangement mutually advantageous voice sink topg 27 mere whisper
721,love another womanperhaps beautiful attractive still love
8,sprightly romance marsac obtain first prize 3000 best novelette new york herald competition 1895
663,ward suspicions might arise mind sly joke hint two confess lovers gibe marriage keenly ever
760,nevertheless know madame fleury victim wish way continue stand grind stoutly walk whistle loudly contemptuously voice sink sentimental pitch
703,good heavens
615,fontaine die accept glance marsac begin whistle softly
873,go pg 156 miscreant start report leave fortune
169,clear idea mind frantic fury towards women present day foresee would make bad quarter hour undergo common enough men future
453,madame schmid one rapid glance champagne utter one word thieve make dash fontaine collar drag
99,simply dress become morning simplicity kind cost
1072,tree luxembourg garden rustle softly day make love
949,well find outnopg 168 matter howand say morning fleury fleury fleury
1035,kiss cheek pat hair stroke hand never let go bag
640,man live love way love
262,continue marsac produce corner palette brush unfinished portrait spanish bullfighter look
735,help marsac bad grace present widow
660,fell mutually love precipitancepg 117 even claire fontaines ardour patch
437,know maurepas editorinchief wild villa reason think give hundred forty thousand francs
649,two friends escape roof 17 rue montignal exercise ingenuity akin enable men dig castle wall steal past sentries find way prison gate
427,say
1016,havent peaceable quiet time since marry dead madame schmid bind hear say fleury say hold say old duval advancingpg 182 know person
869,youwhat name may ask marsacand service well monsieur marsac since kind tell nephew
88,felt humiliate day one young fellows staff mere reporter editorial writerboasted owe tailor alone much owe altogether
284,read letter carefully lay say impossible return
86,debts must respectable scale answer marsac something like seventy eighty thousand francs
502,particular get one
335,say three millions add entire accuracy
199,madame fleury shake whole affair nothing
1039,shant forget lads madame fleury find tongue
221,tell would delight know moment revel rapture rather singular manner show indeed say madame fleury vain enough think merely suddenness affair somewhat disconcert fontaine almost drag chair marsac sullenly sign thepg 42 paper take possession recommend act good faith madame fleury depart air person make successful stroke business
747,pg 132 fifteen minutes go marsac turn round glance pair
105,house like certain lodgers compel call occasionally way business know madame continue marsac cease examine madame fleurys feature beautiful portrait statue never set eye picture salon year might take
305,marsac look delight mother beautiful daughter dress first ball
951,live house month past
272,eleven oclock since ten oclock become engage marry find longlost uncle die leave two million francs slight sound cause raise saw letter push door
1086,hurrah
599,give la lune three sign article week thousand word give five hundred francs week
184,suggest something say madame fleury show amaze calmness
190,know would delight
360,last diffident woman understand secure jardin des plant madame fleury hear smile play round handsome mouth
824,fontaine extremely honestpg 148 simple nature suffer agonies false reputation embarrass manner sickly smile receive compliment achievements take modesty pass therefore modest well gift young man paris
369,however get two hundred francs fontaine would like get oyster strawberry bed
451,pg 77 banquos ghost make greater sensation party stout alsatian
565,delphine felt instant attraction toward marsac bright eye alert look intelligence gentlemanly
724,brougham handsome
243,glorious idea
912,could forbear say bitterly know mademoiselle persons loathe hate despise revile scorn contemn plato marsacs tone ineffable disgust say might enlighten delphine
841,sit pale face neither could say ordinary word come person knock come moment
1069,marsac follow
362,business arrangement pure simple
424,good heavens
767,delphine must know marsacs turn chagrin
1134,agree remedy negligence strict liability breach warranty breach contract except provide paragraph 1 agree foundation trademark owner distributor agreement liable actual direct indirect consequential punitive incidental damage even give notice possibility damage
1096,general term use redistribute project gutenberg electronic work 1 read use part project gutenberg electronic work indicate read understand agree accept term license intellectual property trademarkcopyright agreement
833,damn uncle maurice almost shout fontaine bury pillow great chair
846,fontaine one wild look seem inspire motion deny marsac dart conservatory
149,late monsieur fleury nothing trouble hour marry day news bring find river gracious power cry marsac astonishment late monsieur fleury angel answer madame fleury dont believe angel either strange strange murmur marsac
438,see yes say fontaine
1090,project gutenberg register trademark may use charge ebook except follow term trademark license include pay royalties use project gutenberg trademark
197,choice marriage eviction within twentyfour hours arrears rent pay fontaine gradually return sense say madame impossible
849,lackeys didnt want let suppose well dress ought
1031,mademoiselle claire announce willingness marry monsieur fontaine mademoiselle delphine take occasion say would marry monsieur marsac commit suicideeach terrible alternative
555,pick marsac halt eye travel round room fell rusty bellow resume glibly pick pair bellow throw king
573,fontaine claire listen silence furtive look exchange show silent protest also deep interest
608,dont know pay give hundred thousand francs prospect make clear ten thousand francs delight fontaine could speak momentwhen catch marsacs eye fix upon understand signal give evasive answer whichpg 107 maurepas poohpoohed
611,want fontaine keep villa
857,uncle maurice begin speak try smile eye meanwhile fill tear
82,instead ofpg 14 go university teach shoemaking tailor trade
52,moment marsac enter room
330,two francs make everybody restaurant believe story fontaines fortune
2,title sprightly romance marsac author molly elliot seawell illustrator gustave verbeek release date february 27 2025 ebook language english original publication new york charles scribners sons 1896 credit online distribute proofread team httpswww file produce image generously make available internet archive start project gutenberg ebook sprightly romance marsac extravagant bread ask marsac cheerfully work away old screen
900,real trouble begin claire half cry
448,mademoiselle marie mademoiselle louise wish extremely elegant company find must admit laugh rather loud talk excessively
1155,email contact link date contact information find foundations website official page www section 4
793,begin crawl round watch like cat
739,long time since woman young handsome make eye relish exceedingly
206,promise marry worth good deal get room
1137,person entity provide defective work may elect provide replacement copy lieu refund
19,light gray day shine dully curtainless windows
1107,course hope support project gutenberg mission promote free access electronic work freely share project gutenberg work compliance term agreement keep project gutenberg name associate work
687,platothe platomay go devil inward conclusion
22,sight painters tool violin especially abundance pen ink paper act like red rag bull give excuse want raise tempest
512,know isnt worth anything monsieurpg 90 fontaineyou thumb bring term promise
781,pardon say voice try unavailingly make calm
661,although disaffection citadel hearts pride policy make brave show defence really wait demand surrender
861,dear monsieur fontaine say advance try speak natural voice shall say
929,msieu marsac say almost laugh marsacs gloomy face heres person lady please proclaim loud voice madame schmid march shove footman unceremoniously way
851,monsieur maurice fontaine archfiend appear person tail hoof horn say calmly beelzebub prince darkness hades could disconcert marsacpg 153
836,picture hadnt deuced good speech hadnt devilish funny play hadnt damnably brightah hell furies fontaine roll chair anguish marsac sit silent appal result ingenuity
1159,compliance requirements uniform take considerable effort much paperwork many fee meet keep requirements
397,matter balletgirls thirdrate theatre
932,madame schmid marsacs delightful impudence way honest heart come great service
858,perhaps count much homecoming andandits ridiculous know poor old man expect warm welcome
260,feel shake hand persist fontaine madame fleury believe fortune wouldnt much difficult escape much betterpg 48 condition fight
750,leave hand press handkerchief eye monsieur duval pat right say tenderly dont cry ah one heart one must suffer murmur madame fleury beautiful little sob press lacetrimmed handkerchief eye
680,bring delphines golden quite close marsacs closely crop brown one consent willingly
310,rubicon say marsac
142,believe fully capable marry
456,time talk vigorous tone shout dear girl really oughtnt come
881,must
1144,1 indemnity agree indemnify hold foundation trademark owner agent employee foundation anyone provide copy project gutenberg electronic work accordance agreement volunteer associate production promotion distribution project gutenberg electronic work harmless liability cost expense include legal fee arise directly indirectly follow cause occur distribution project gutenberg work b alteration modification additions deletions project gutenberg work c defect cause
407,run follow
806,marsac say tear paper half fontaine dear claire half mademoiselle delphine
161,think madame say pause reflection could accomplish
1051,yes reply marsac modestly report dead determine give fontaine every franc fortune give sir good character besides
196,gentlemen matter must settle
742,monsieur duval offer madame fleury glass champagne two sit together rustic bench marsacpg 131 overcome chagrin chance give enemy turn back walk toward edge terrace
753,pray forgive
1024,want wash thats
358,relations men women change
574,old duval laugh discussion marsac delphine gather round glass champagne wait carriage
746,desire settlement question simply avoid scandal dwell upon impossibility feel affection young man fontaine chance sacrifice meet man old enough please old duval begin seriously fear agesixtysevenwas callow immature
705,must keep poor child sight
164,language fail hear say quaver voice almost without volition would respectable man madame fleury turn dark eye draw nearer
228,ha fontaines reply depths sofa something groan howl moanedpg 43 know marsac love claire duval devilish madame fleury write promise bagatelle cry marsac still keep pretence laughter
1017,baroness schmid baroness schmid
1079,deep ecstasy hear step approach curtain softly draw werepg 193 waken dream paradise shout laughter
307,examine old coat trousersthey look worse ever comparison
652,little move except new clothe uncle maurices portrait
419,truly
434,anyhow monsieur duval talk whole hour afternoon may depend upon stuff result isnow dont go crazythat hint match claire fontaine fell sofa ecstasy murmur dear darling claire come see soon congratulate
96,marsac turn pale
103,soon fontaine return shall put shoe go little walk see madame fleurys handsome face assume business expression hasten add wonderfully well look
638,tell something less dangerous locomotor ataxia paresis tell symptoms somewhat alike tell love delphine love sweet claire need fight struggle
799,sit grind survey air triumph
409,dear sirhappening days ago read account deserve good fortune remember correspondence regard playa white marriage chance look box day discover play lie whole year fate unworthy great merit could occur astonish forgetfulness part
166,sit quite near madame fleury halflaughing brightly burn eye fix
321,make excuse send waiter room hug begin dance wildly barely time return scuttle back chair pull long face devour fish flesh fowl entres horsdoeuvres everything else eatable
1119,1 copy display perform distribute redistribute electronic work part electronic work without prominently display sentence set forth paragraph 1 active link immediate access full term project gutenberg license
391,solemn silence remove tall hat prove full flower arrange middle supper
969,footman enter hand card
995,report police madame fleury reckon madame fleury
1088,create work print editions protect u copyright law mean one own unite state copyright work foundation copy distribute unite state without permission without pay copyright royalties
230,spite efforts marsac pretty soon give hilarious view situation
909,soon marry dismal shake finish sentence
722,invent plausible story topg 128 account come
803,could hardly wait carriage halfway drive shout delight fontaine 142 fontaine claire delphine peep round verandah see madame fleury go three come troop toward marsac
411,write play must command success cannot understand public presume
214,first april would seem appropriate keep marsac gravely
1076,scene would break heart platonist
946,dont laugh dismal manner
504,wayhere marsac put mouth old duvals earshe come apartment pursuit
445,marsac receivedpg 76 much kindness respect bankers daughters girls tawdry yet shabby extraordinarily paint bedizen
778,contract fontaine madame fleury
923,nothing leave marsac newspaper fontaine drop
231,fontaine lay sofa groan kick occasionally sigh name claire duval
496,really dont know say last never hear fontaine mention mademoiselle claire except general term know charm girl man might glad proud
594,exceedingly painful us monsieur maurice fontaines death allude flippant heartless manner monsieur maurepas sniff louder ever pursue objectionable subject
212,let seethis 20th february pg 40 pause reflect
1126,must require user return destroy copy work possess physical medium discontinue use access copy project gutenberg work
998,pg 178 step hear outside hall three even four persons door open marsac enter
487,fine handsome girl new woman vengeance 85 believe womans mission deadly oppose matrimony friend marsacat monsieur duval cackle chuckle great enjoyment time
69,marsac buoyant temper constantly expect something turn would relieve embarrassments
361,hardly think engagement monsieur auguste fontaine call love affair
4,illustrate gustave verbeek new york charles scribners sons 1897 copyright 1896 charles scribners sons
641,course plato low diet particle good pg 112 marsac relapse gloom fontaine whack back cry exultingly think marsac twenty thousand francs hand thirty thousand come forty thousand francs profit brewery share buy thousand francs picture play place clothe enough two yearshurrah uncle maurice hurrah
919,terrible claire succeed capture monsieur duval pg 164 delphines answer artfully contrive dreadful woman succeed marry uncle could longer home opportunity marsac declare spark tenderness
288,shrink admit necessities ask advance business office newspaper
541,old duval begin examine room
7,note
1169,forty years produce distribute project gutenberg ebooks loose network volunteer support
410,make ten thousand apologies assure loss mine since read piece beg honour present gaiet theatre
960,one look happy face tell uncle maurices fortune make love affair
729,jump see quickly jump save madame fleury laugh ever decline say banteringlypg 129 could believe consider make offer refuse oh madame fleury cry marsac actually hang surely say affections engagedoror ask time considerationor young marryor something sort
669,play produce immensely successful picture exhibit highly praise journalists dinner marsacs speech deliver fontaine mark fontaine forever bear afterdinner speaker man esprit
493,gross exaggeration
562,know monsieur marsac must present delphine
450,moment two cork fly loud report door come open bang madame schmid stalk
1013,stand offer medical school seventyfive francs skeleton soon peg wish available moment cry madame fleury
693,reply marsac enthusiasm
539,intend next month reorganise breweries stock company positive assurances share command premium
667,whole face existence indeed change themfor marsac fontaine
256,rate cant us harm nothing harm us present straits well people believe uncle maurice begin fontaine anxiously marsac cut short
254,ever know wildly improbable story start yet wasnt readily believe
534,confidential particular widow haserbefore entangle fontainein interview marsac stop blush monsieur duval close one eye playfully poke rib
446,womanhood extinguish modesty would abash presence four assemble garret
202,promise cant
1148,volunteer financial support provide volunteer assistance need critical reach project gutenbergs goals ensure project gutenberg collection remain freely available generations come
461,oh bewitch creature honeyfuggle
175,know fontaine live together since boyhood
917,indications plot extraordinary conceive
1011,oh ingratitude world fleury meanwhile seem determine assert
171,turn fidget chair look window street hop see fontaine return every moment situation grow appal
906,marsac completely unnerve manage hide delphine
309,marsac move toward door pause
708,show lady say marsac assume calmness time take another glass champagne steady nerve
1003,say grin survey scene minute two quite certain madame carry plan perfectly certain respond monsieur duval pompously find good old duval better husband rascally count marry first bury afterward bury ask marsac pause get whole effect
73,shoemaker say three francs shoe two francs five centimes
436,old fellow want oblige mention way corroborative testimony look round countryseat say would sell villa melun ninety thousandpg 74 francs
116,day rent due come see prepare pay andpg 21 also arrears two months still owe marsac merely shake several minutes unbroken silence room meanwhile closely attentive
531,thats way delphine talk havent remotest idea make offer
958,delphine pale agonise return drawingroom
935,impudent ever warrant
193,isnt fontaine fontaine still daze mumble dont know pg 36 fie bad man reply marsac laugh
283,paragraph already print afternoon paper contain cry street
540,friend fontaine raise ten thousand francs within next week let grind floor within three weeks make fifty thousand francs shall cheque tomorrow morning promptly answer marsac sou credit hand
240,hurrah
286,marsac whose cheerfulness never leave
957,woman marsac love
559,ah cry monsieur duval delight show know something violins stradivarius perhaps dear sir say marsac tone pity violin old stradivarius young
422,picturedealer briefly announce offer thousand francs make rough sea hesitate take price mark picturefiftypg 72 something couldnt fifty francs
606,dare go home wife without promise place
690,pg 123 monsieur duval sigh fidget burst know afraidi afraid blame let daughter monsieur fontaine see much matter still uncertain comtesse de fleury see two young people deeply love
579,claire charm fontaine say sweetly scorn watch man marry
600,make one stipulationyour name must sign marsac must write fontaine hesitate moment marsac answer do another thing
855,substance actual man figment marsacs imagination uncle maurice
605,put 17th melun villa continue maurepas make memorandum notebook
423,fifty francs cry marsac thousand francs
1158,foundation commit comply laws regulate charities charitable donations 50 state unite state
630,ten minutes informal bind agreement make sign maurepas take departure
137,swear never take alive madame fleury blush smile murmur men marry dont
769,mere idle remark
551,mirror keep marsac pursue advantage
596,know fontaine could forbear remark use say couldnt anything dear fellow answer maurepas coolly talk
1089,special rule set forth general term use part license apply copy distribute project gutenberg electronic work protect project gutenberg concept trademark
396,fontaine utter one word ladies yes say marsac ladies youfor women halfstarved hardworking
381,infernal widow downstairs dont speak fiance disrespectful manner cry marsac time dodge fontaines new hat fly direction
563,oh two get famouslyyou haters marriage instant marsacs eye light delphine felt singular sensation
519,isnt slightest legal value though testify obtain duress fontaine would give half worth get rid marsac say write agreement could help wish heart moment possession
585,last however accidental halfhourwhich bring much happiness fontaine claire turn world topsyturvy marsac delphinecame end
5,dramatic right reserve
1043,bag million francs worth unite state government bond part make noble country
215,dont trouble sarcastic monsieur marsac reply madame fleury cut emphasis
319,come sight almost much poor halfstarved young fellows
1036,monsieur duval gaze mechanically uncle maurice delphines cordiality second claires
506,room announce greatest difficulty get
733,mention oldpg 130 duvals name
296,scarcely door shut two young men tear open box
973,madame fleury walk drawingroom heel messenger say servant authoritative manner take card monsieur duval never gentle claire show haughtiness human creature face face madame fleury draw slight tone quiet disdain say think madame imy father daughterhave right house forbid servant take card think suavely repliedpg 172 madame fleury father master house right look footman finish sentence
564,slight tall patrician beauty face air selfpossession second onlypg 98 madame fleurys
159,see try avoid associations affair could become know husband
510,madame schmid dash walk prostrate monsieur duval frog begin harangue marsac violently swing arm like dutch windmill
408,auguste fontaine
405,fontaine always hug marsac marsac always respond pat father give small boy
151,phenomenon
838,fate cruel blow store us
176,nobody share everything brothers
385,fontaine occasionally spasms fear concern ruse twentyfive good appetite enough satisfy love hope friend like marsac one apt whistle jovially
63,educate frompg 11 fund sons poor gentlemen recipient expect return able
999,wear look jaunty expectation seem increase startle spectacle himmadame fleury hold monsieur duvals arm old man puff blow smile frown alternate spasms rage delight claire cling fontaine great distress delphine pale defiant stand alone centre group
375,whenever fontaines courage fail marsac always hold hope marry claire
989,return yet chance open would like monsieur marsac see much cleverer madame fleury produce envelope cardcase tear open stand petrify moment 175 whyit isit stammer
545,collectors time assure
558,see say immensely valuable see violin marsac hand old brewer violin
678,delphine carry volume plato oriflamme battle ask marsac read something great philosopher
1098,pay fee obtain copy access project gutenberg electronic work agree bind term agreement may obtain refund person entity pay fee set forth paragraph 1 1 project gutenberg register trademark
165,breathe quicken faint pink rise smooth cheek say laugh voice also tremble little quite respectable enough proposals marriage always embarrass none less breton peasants say thepg 30 haystack chase cow marsac felt suddenly grow hot suddenly grow cold
811,situation flash upon
620,hundred forty thousand villa may devil take say maurepas desperation
15,good heart along vile temper plant basket viciously floor whip tremendously long bill quick eye take poverty surroundings soften spite
297,lay several suit handsomest mourn clothe imaginable hat gloves match top everything pin letter
1008,fleury seem abash surroundings look calmly
285,live fifteen cents day twenty years must impair constitution degree cannot stand voyage fontaine already depths woe seem sink deeper deeper
275,much alive think soon revisit native land
658,let sleep dog lie marsacs motto incline hunt madame fleury order get formal release
566,perception marsacs charm cause say lightly yet faint blush exactly hater marriage
145,truth since pawn even clothe see anything duvals
192,father mother marry grandparents side marry even greatgrandfathers greatgrandmothers marry
818,pretence repair make passy villa bring back paris heat may tolerably certain move order nearer madame fleury
172,presently manage say forty man young marry forty old madame fleury survey cool contempt seem leave blister
644,uncle maurice shout marsac caper wildly
1163,u laws alone swamp small staff
1118,1 unlink detach remove full project gutenberg license term work file contain part work work associate project gutenberg
832,take turn room say agitate voice possible uncle maurice happy invention pg 150 happy invention
430,fie
950,dead
162,authorities application permit change name something like contempt appear inpg 29 madame fleurys dark eye respond coldly also like protection name respectable man would give pause longer awkward ensue
591,effect sell monsieur fontaine reply monsieur duval go downstairs
42,tell monsieur fontaine throw bill basket every six months draw one random pay billand happen never draw bill
300,also son stationery business enclose sample stationery
544,pretty high yes answer marsac remain account widow comtesse de fleury surroundings valuable think perhaps
337,cannot deny marsac fontaine little frighten sudden overpower success little romance
535,dear young friend say air superior wisdom want much else would hadpg 94
383,room shabby ever fontaine dress height although still deepest mourn
899,plain distress aboutpg 160 something delphines first word great trouble bright us either gloomily reply marsac
107,girls faceso fresh lovelyis simply madame fleurys discourage reply business business monsieur marsac must attend marsac keep hear word
962,seem report uncle maurices death come one start story newspapers fortune andpg 170 auguste nerve contradict
492,oh reply marsac deprecatingly
572,higher education unfit men marriage marsac shake unable find answer proposition frankly acknowledge never present
1029,monsieur fontaine would marry lack something better
637,peculiar penetrate although agitate unpleasant love idiot alarm say marsac anxiously
526,take account daughters fancy friend fontaine good character good birth fortune bring anarrangementyou understandit happiness young people would anything fontaines happiness say marsac
252,trust get fontaine delight find marsac crazy could nothing hug say marsac frighten begin talk may kill uncles aunts find kill
401,hungrypg 69 felt pocket well heart money
1010,merely say way make things agreeable madame fleury countess madame fleurys reply one word utter tone concentrate hatred wretch thank get restore longlost husbandpg 181 say marsac injure voice
125,yesterday money fontaine buy two loaves bread
755,wouldnt better party fontaine could separate amicably
58,schoolmates ten years provincial college
1019,oh comical scream madame schmid laugh
353,cigar
373,marsac keep courage though tell something would soon turn would enable pay debts escape madame fleurys house live like lord
507,corridor still believe marsac rise take old brewer hand tip topg 89 corridor door
734,moment old brewers curiosity get better cowardice see advance across terrace
68,neither chum commercial knack intimate knowledge purchase power franc come naturally young men whose live spend large city
719,acknowledge though yet able persuade fully old uncles death even previous existence much affair indeed humiliate say marsac offend air
915,tell nothing
466,build alpine work great heavens
791,pg 140 monsieur marsac reply madame fleury sarcastically
710,usual perfectly well dress
325,perfectly
333,fellowworkers crowd round ask question paragraph appear afternoon
625,mention stop cry marsac
377,sweet girl believe really love marriage sure
697,one hop would die excitement
701,monsieur duval comtesse de fleury come fontaine
329,forget change clothe certainly reply marsac clap hand pocket produce two francsthe last earth take precautionpg 58 bring himand hand waiter
972,dont let late
952,say wont keep secret longer
726,know offer serve mean also much goodwill owe doubt madame highest regard
621,joyfully shout fontaine saw acquiescence marsacs eye
854,like foolish man let genie trunk apparition grow grow unmanageable
1059,every mention suppositious uncle maurice real one would shake merriment
1007,madame fleury could repress cry rage monsieur duval drop arm redhot
647,uncle maurice pg 114 chapter iii dinner passy result several things
1073,presently marsac speak timidlypg 192 mademoiselle recall word shedevil madame fleury
886,come along fontaine never resist marsac life could go obediently drawingroom greet affectionately man whose existence conceive utterly disastrous
624,old gentleman think sell mere song never forgive find resold immediately small advance yes yes say fontaine maurepas make little memorandum transaction add readily yes yes
1157,many small donations 1 5000 particularly important maintain tax exempt status irs
464,monsieur fontaine
465,open door help uppg 80 confound narrow stairs
368,rather think last remarkwhich monsieur fontaine really inherit two million francs would glad two hundred owe
1023,want marry msieu marsac
1122,alternate format must include full project gutenberg license specify paragraph 1 1 charge fee access view display perform copy distribute project gutenberg work unless comply paragraph 1 1 1 may charge reasonable fee copy provide access distribute project gutenberg electronic work provide pay royalty fee 20 gross profit derive use project gutenberg work calculate use method already use calculate applicable tax
1110,copyright laws countries constant state change
812,madame fleury bamboozle old man take back town one carriages
91,oblige decline account infernal shoe say send minister public instruction pg 16 marsac say fontaine pause cheerful midst difficulties hear little man laugh philosopher attain goal wisdom weep philosopher stand whimper startingpost
167,every detail elegant correct morning costume wellshod feet handsome abnormally present
356,true reply marsac sorrowfully
156,last sink low become janitor medical school
1166,donate please visit www section 5
517,get write promise fontaine moment weaknessyou understand yes widow moment weakness
509,great heavens whisper old duval one blame monsieur fontaine run away woman scarcely word mouth madame schmid make lunge door fly open knock monsieur duval sprawl
737,turn eye upon monsieur duval melt glance would put younger man guard
692,monsieur fontaine gift young fellow say monsieur duval
1123,fee owe owner project gutenberg trademark agree donate royalties paragraph project gutenberg literary archive foundation
840,ordinary enough knock might precede footman tradesman marsac fontaine whose nerve good deal work upon last excite months sound like crack doom
834,marsac best fellow world little clever time
160,find name man unpleasantly notorious inconvenient bear like change marsac listen intently bury ears hand appear think profoundly minutes
901,find papa spend half time madame fleury
37,paint fiddle scribblingno wonder cant pay washbills
592,maurepas enter room air chagrin man throw hat say crossly pg 104 fontaine newspaper story true come great fortune great answer fontaine modestlyonly couple million francs oh lord sniff maurepas ideas expand
996,know im old enough father youll marry madame fleury youll find great improvement rascally count marry first may madame duval day like faint shriek burst two girls fontaine dream old man capable folly couldnt repress exclamation 177 however take claires hand say tenderly well dear one thing trust become wife earliest moment possible claire felt moment one earthly dependence cling fontaine weep say marry whenever like cannot never countenance father marriage creature even would marry escape live woman say delphine much agitation
478,think poorest memory ever saw say marsac severely fontaine
1047,examine parcel carefully fontaine brokenly express thankspg 187 claire kiss old man tear eye
308,silence say eloquently cannot take gentlemanly habiliments 55 put hat
440,work jump old duvals throat offer shant able prevent unworthy uncle maurice shall sorry provide relative sound hear outside
313,approach desk enter cashier handsome girl glance afternoon paper contain paragraph uncle maurice
522,hear great influence monsieur fontaine particle marsac protest vigorously
1165,donations accept number ways include check online payments credit card donations
354,hear dead old gentleman would please find alive would forgive us anything among first persons hear story madame fleury hardest task marsac stop entresol one morning inquiry whether story true fontaines uncles death
312,go restaurant credit dinner see twenty persons acquaintance
604,whats matter marsac compose speech deliver none world answer marsac laugh
672,man part accomplishments large generosity good thing trouble world give credit one else
815,marsac throw chair groan aloud fontaine alone although pretend grieve felt perfectly will get rid madame fleury price even present withpg 145 prospective fatherinlaw chargerafter manner herodias another enterprising wouldbe widow good many years ago
1015,dont know glad see
537,eternal vigilance price liberty widow concern
258,believe create myselfthat uncle maurice
987,save scrap able put char piece together
27,owe seven weeks wash
903,marry heroh think dreadful claire burst tear
33,landais silently hold bill madame schmid flourish face air landais owe money instead marsac fontaine
490,understand perfectly answer marsac
852,rise feet find incapable speech
55,first moment see two young men together necessary explain relationspg 10
975,claire heighten colour turn delphine say shall withdraw mean answer delphine coolly would indeed surrender therefore stand grind
432,butpg 73 continue marsac good news
9,pg ix list illustrations page extravagant bread ask marsac cheerfully work away old screen frontispiece madame schmid plainly rage 2 madame schmid grow still redder face shorter breath 5 easy enough see master mind 9 madame fleury enter 17 ever think marriage way trouble 25 marsac advance fontaine whisper ear 37 marsac take hand lead madame fleury 39 bold stroke bullfighter assume appearance hale old gentleman sixty 48 pg x fell chair amazement chagrin 50 two young men tear open box 53 hug begin dance wildly 56 dont speak fiance disrespectful manner cry marsac 65 open without word take four bottle champagne 67 saw two poor creatures stand front pastryshop 68 marsac receive much kindness respect bankers daughters 75 madame schmid make dash fontaine collar drag 77 villa say old brewer 83 monsieur duval kneel 89 monsieur duval close one eye playfully poke rib 93 door open admit fontaine two remarkably pretty girls 97 pg xi young people talk gaily together sip champagne 100 hundred thirty thousand francs cry maurepas 108 marsac turn double handspring sofa 110 marsac seize around waist begin waltz furiously 113 creep softly apartment 115 bring delphines golden quite close marsacs brown one consent willingly 121 oh madame fleury cry marsac actually hang 129 madame fleury press handkerchief eye 132 marsac could scarcely restrain shout joy 137 madame fleury begin eagerly search grind letter 139 marsac say tear paper half fontaine dear claire 143 monsieur duvals victoria madame fleury 145 pg xii fontaine sink deep armchair picture misery 149 little old man clutch rusty travellingbag tremble hand 151 let assist say fontaine try take old bag 159 marsac delphine leave alone 161 madame fleury stand petrify moment 175 thing trust say fontaine 177 walk one weazened cadaverous little men ever step 180 madame fleury rush drag unhappy fleury 188 marsac arm around delphines waist 194 pg xiii sprightly romance marsac pg 1 sprightly romance marsac1 1 dramatic right reserve
763,monsieur duval keep look toward marsac evident desire get rid
459,cant honeyfuggle gurgle gurgle gurgle champagne flow throat
207,madame fleury bring matter crisis ask smile shall gentlemenan engagement eviction fontaine could bring say word submit silently marsac take hand lead madame fleury place hand together say something dangerously near wink take lovely hand hold
1038,didnt mind shabby clothe treat nobly
813,marsac could point silent consternation carriage
417,play really vicious enough wife merely give husband opiate escape lover instead drive imperative fate give quart corrosive sublimate
1141,1 state allow disclaimers certain imply warranties exclusion limitation certain type damage
26,old dodge run away come bill
93,sour temper
1057,msieu fontaine young lady marsac embarrass speech remain perfectly silent fontaine escort madame schmid door profuse thank
244,huzza uncle maurice fontaine stun first go marsac caper wildly voice tremulous apprehension deadly pale say dear kind marsac quiet pray
617,fontaine think marsac crazypg 108 rise button coat say pray excuse us monsieur maurepas
1028,monsieur duval say hard voice truly sorry cannot marry
219,madame fleury sign paper marsac call fontaine remain motionless without lift
830,blue morning would blue place answer fontaine sullenly
513,monsieur fontaine go
263,make portrait uncle maurice bold stroke bullfighter assume appearance hale old gentleman sixty black coat white tie
974,man go card
870,know near live relative noble fellow engage marry daughter owner house lovely girl mademoiselle claire duval old man seat precious bag knees drink eagerly marsacs every word
602,wouldnt
1078,bird sing tree outside window bird also sing two happy hearts
713,marsac advance politely meet two exchange bow pugilists shake hand enter ring
954,go way
988,therefore give expert one hundred fifty francs restore
1138,receive work electronically person entity provide may choose give second opportunity receive work electronically lieu refund
323,pg 57 say marsac waiter room keep trot may call first dress rehearsal
928,man usually maintain stolid countenance tribe occasion wear grin like rattrap
1002,enjoyment situation seemedpg 179 intense fontaine claire delphine astound heartless amusement catastrophe ruinous
3,sprightly romance marsac molly elliot seawell author children destiny strange sad comedy throckmorton little jarvis etc
632,marsac find word unable express rapture turn double handspring sofa fontaine rush hug kiss violently
157,accuse one day steal valuable book instrument soon find seine
741,marsac almost groan aloud saw five minutes talk widow sail old fellows good grace
106,call springtime pg 19 young girl stand almondtree bloom
428,claire
1171,thus necessarily keep ebooks compliance particular paper edition
588,meet old duval face face land
292,nightfall hold tear soil coat trousers inspection
414,essential drama today complex complex nobody author know devil play whatpg 71 problems prove disprove place upon pinnacle ibsen maaterlinck rest dutch shakspeares
655,madame fleurys chagrin next morning excessive particularly read note marsac thank ironically hospitality
24,msieu fontaine
92,long face pay bill
376,let catch old duvali dont like go search himcried marsac give account willpg 65 throw daughter
723,introduce monsieur duval guarantee offer send back paris superb victoria thank brougham
483,deeply indebted monsieur duval offer ninety thousand pg 84 mere bagatelle etc
1081,old duval grunt one word plato let plato go devil cry marsac
30,march closet door fontaine follow marsacs tactics madame schmid grow still redder face shorter breath better luck corridor door
651,apparent absence cash lead believe ever story rich uncle invention marsacs
62,marsac like fontaine fatherless motherless
872,fontaine go mourn youwhich glad see occasion glad
247,rattle two francs pocket try smile
1050,ha uncle maurice seem tickle idea
876,sweet girl though believe confession alter affection least
728,behind house well sixty feet deep water icy coldness
253,willwill dazzle story believe uncle whatshisname pg 47 dear fellow reply marsac high goodhumour dont know large human race go actually beg humbug
133,send picture call rough sea salon also name fontaine 24 one judge say thing make whole committee illit realistic presumeand yet reject madame fleurys eye soften glint widow smile upon handsome mouth say gently moment youhas either one youever think ofahemmarriage way trouble often answer marsac promptlythat fontaine
740,precautions widow throw four wind heaven
257,believe uncle maurice
1085,hurrah
1132,despite efforts project gutenberg electronic work medium may store may contain defect limit incomplete inaccurate corrupt data transcription errors copyright intellectual property infringement defective damage disk medium computer virus computer cod damage cannot read equipment
805,go lot halfburned scrap old bill landaiss think contract fontaine without word hug marsac accord custom claire show evident inclination marsac give truly brotherly embrace fontaine make objection
976,fontaine glad keep mle prudently keep background madame fleury would let rest
359,barely thirty remember lady diffident
80,squander substance luxuries like bread shant anything leave necessaries like wine cigars
301,two young men gaze intently
250,would paragraph like sound paper happy announce monsieur auguste fontaine brilliant young journalist inherit fortune oflet see easy give two million francs one millionfrom lately decease uncle monsieur maurice fontaine new york celebratedwineimporter say thats good decent business
749,madame fleury reach weep stage
348,draw noble picture uncle mauricefor look fontaine profit old gentleman least give good character
668,fontaine always think marsac cleverest fellow world rank napoleon alexander great
469,something else though get rid madame schmid
1112,foundation make representations concern copyright status work country unite state
589,delight see monsieur duval cry maurepas
477,would tomorrow suit perfectly cry fontaine eagerly check marsac look
119,great deal notorious
124,circumstances indeed desperate
1006,marsac coolly survey audience announce honour present madame fleurys husband throw door openpg 180 grand flourish walk one weazened cadaverous little men ever step behind madame schmids rubicund countenance rotund
290,never fontaine love admire
508,monsieur duval kneel keyhole saw madame schmid rampage corridor like cage lioness
731,like proposition shall meet monsieur duval
877,go fetch fontaine marsac go conservatory
152,allow make note take notebook gravely make memorandum
614,maurepas however intensely anxious villa cut short discussion avenue de lalma house offer one hundred ten thousand francs villa
294,even courage spirit desert
613,tell much expensive dont think uncle maurice would approve fontaine never hear avenue de lalma house assent promptly
463,suddenly amid laugh choke joke commotion voice hear call foot stairs monsieur marsac
1146,information mission project gutenberg project gutenberg synonymous free distribution electronic work format readable widest variety computers include obsolete old middleaged new computers
982,course delight see unclepardon mebut man age know better monsieur duval interrupt madame fleury age one greatest charm eye yet coolly continue delphine monsieur fontaines youth objection
1151,information project gutenberg literary archive foundation project gutenberg literary archive foundation nonprofit 501c3 educational corporation organize laws state mississippi grant tax exempt status internal revenue service
12,madame schmid bounce suddenly marsac suddenly whisk sight
1044,intend nephew provide receive kindly
942,first place madame fleury come morning charm
878,stand fontaine white sheet wildeyed
425,shall rich rothschilds shall able get away quarter dreadful woman downstairs shall marry claire duval fontaines reply hum little song refrain claire love thee presently make sigh look gloomy
336,next day paris ring story
821,spend principal world think spend income
306,fontaine walk survey satisfaction crack mirror
908,great mind interrupt one pray dont cry marsac eagerly sickly attempt return old manner say let happy
1046,monsieur duval man affairs know sight securities seem wake monsieur duval
181,lady quietly remark marsac account story cabinet dinner gout add air finest sarcasm see earthly reason monsieur marsac succeed brilliantly journalism pg 34 marsac quite dispose let fontaine take part situation say word fontaine exclaim know come madame fleury
622,ill take make one condition dear fellow say marsac earnestly fontaine
273,run forward open literally fell overpg 50 chair amazement chagrin
16,however one whistle go graveyard madamepg 3 schmid always storm excellent heart prevent take stronger measure
943,ha
395,marsac habitually run away respectable women declare afraid another kind nothing pity pg 68 refine honourable soul leave harder hearts evil natures condemnation sin sin
904,fontaine take hand tenderly lead conservatory
104,bloom like rise thank answer madame fleury calmly
1020,want marry monsieur fontaine continue old duval determinedly
200,marsac advance fontaine whisper ear promise
578,delphine declare woman keep eye open moment marry even best men marsac recommend keep eye half shut ever afterward
700,depend upon things go fontaines name remarkable moment footman approach hand marsac card say lady ask monsieur fontaine marsac hand card back happen see madame fleury stop cry instantly give moment think
1168,hart originator project gutenberg concept library electronic work could freely share anyone
188,fontaine mouth open dumb astonishment gaze first marsac madame fleury
29,marsac hold side madame schmids superior muscle though weight doorpg 5 resist successfully
54,marsac regularly handsome fontaine dark bright eye captivate smile seem radiate brilliance round
820,fontaine although daily hourly get benefit repute two millions money make go like wildfire effort keep delusion great fortune
542,supper seem strike favourably room
384,bright face walk whistle jovially hand trousers pocket empty usual strike contrast livery woe
704,let get away
819,claire wretched idea although timid girl dare question father every reason suspect hispg 147 infatuation widow come near wreck fontaines life
13,madame schmid coarse buxom beauty common enough class
44,go bill moan madame schmid wag dolefully landais shake like chinese mandarin
934,cry broad smile handsome face
1041,eh ask uncle maurice seem sting remark
34,journalists bad lot tell rapidly begin madame schmid like first well last word lazy lot
277,may appear moment meet affectionate uncle maurice fontaine
711,bonnet set grace coronet
0,sprightly romance marsac project gutenberg media print abbr project gutenberg ebook sprightly romance marsac ebook use anyone anywhere unite state part world cost almost restrictions whatsoever
939,young lady jealous ask madame schmid delightedly
1037,ah cry uncle maurice begin shake hand round second time cant imagine kindly receive two fine fellows
665,old duval bend match daughter fontainethe marsac inform confidentially fontaine two uncles america age infirm aunt intendedpg 118 make heir eighty years age
322,marsac waiters absence beg fontaine spare candelabra fontaine catch marsac act chew paper marrons glacs
1170,project gutenberg ebooks often create several print editions confirm protect copyright u unless copyright notice include
1053,fellow clever always make way world marsac overwhelm old man generosity silence stand grasp uncle maurices hand break slam door madame fleury rush drag unhappy fleury
571,often notice wed ceremony bride always much compose groom launch discussion delphines next blow masculine sex one phase question frequently occur
911,consider large part misery endure directly lay door philosopher hadpg 162 often ardently wish plato socrates force drink hemlock
1104,1 project gutenberg literary archive foundation foundation pglaf own compilation copyright collection project gutenberg electronic work
211,might well add name date fulfilment promise
21,madame schmid belong large class persons believe man engage form art necessarily loafer
1101,see paragraph 1
776,villain scoundrel dolt rascal idiot expletives hurl greatest greeks
1142,disclaimer limitation set forth agreement violate law state applicable agreement agreement shall interpret make maximum disclaimer limitation permit applicable state law
334,marsac confirm declare get particulars amount fortune
1115,1 individual project gutenberg electronic work derive texts protect u copyright law contain notice indicate post permission copyright holder work copy distribute anyone unite state without pay fee charge
332,marsac take office
553,madame pompadour
1060,monsieur marsac make yarn say monsieur duval dubiously
897,yet undeniably better uncle maurice never live 159 long painful pause marsac speak
235,dont believe two fellows world near relations fontaine time sit sofa hand
364,monsieur fontaine call see occasionally bashfulness madame fleurypure bashfulness
72,think complete counterfeit apparatus produce sum franc moments notice say fontaine ruefully would willingly give pair shoe marsac would accept dont know
412,therefore present sit wait critics explain play rest world
839,rational suppose uncles aunts give materialise come life paris knock door startle
567,regard primitive somewhat unintelligent arrangement effect word lips woman see sixty second produce strange effect marsac
148,know first moment saw cheerful air every reason look cheerful
770,frequently hear say ideal woman platonist
569,women know much real courage men
538,wont listen proposition respect sure one upon another subject
316,certainly answer marsac solemnly think
225,would mention fear fontaine soon madame fleury safely hear marsac contrive raise burst rather hollow hysterical laughter
238,american money soon part next moment fontaine believe last greatest misfortunes befall friend marsac leap begin charge room shout top lungs
494,give word monsieur duval nothing like
597,talkedabout young man paris name worth something newspaper even ideas
978,good morning madame cry
39,write letter sinful waste paper ink call see sinful waste time
185,go grind twice determine change name condition pause effectpg 35 marsac come unexpectedly assistance
1124,royalty payments must pay within 60 days follow date prepare legally require prepare periodic tax return
102,see go day two think perhaps ill trifle mere trifle answer marsac much readiness littlepg 18 dinner ministerial housethose fellows give one lot champagneand inherit gout give touch pray excuse slippers
837,cry fontaine desperately dash hand forehead suppose infernal old uncle maurice mine turn america pg 151 say marsac impossible
924,take half anpg 165 hour sound hear except rattle sheet turn
365,tell men women change place
400,overhear sorrowfully recall last franc go white satin shoe ballet next week
1045,proud happy say think hadnt decent coat back ill give himlet seei might well thing handsomelyhalf million francs get marry open bag take parcel
210,madame fleury whose principle get quickly awkward business ask marsac sit write little agreement sign fontaine
324,appear public tomorrowyou heir uncle maurice friend nephew uncle think deceive waiter anxiously ask fontaine
198,marsac shoe clothe choose accept proposition monsieur fontaine coolly interrupt madame fleury put street within twentyfour hours reach street arrest nonpayment rent go street without coat trousers shall certainlypg 37 arrest answer fontaine desperately
648,fontaine claire could longer conceal infatuation tacit engagement ensue announce soon fontaine could free wholly madame fleurywhich mean soon give pursuit
480,merely little family affairs people always know pg 83 make old duval less anxious name day next week marsac fontaine elaborate consultation notebooks finally find could accept
416,slight tendency clearness must remedied wish really great modern dramatist
118,seem two young men talents characterfor find good character except rent businessand good families able make better live journalism ah madame answer marsac sorrowfully modern journalism one essentialit require man accomplish ready felicitous liar neither us dont youahemtry acquire one essential transcendent liars madame fleury like poets bear make
115,twentyfifth birthday come receive felicitations nonsense monsieur marsac reply madame fleury tone deadly sweetness
227,ha
771,would marry platonist would marry perceive utter baselessness language answer old duval look much relieve hope youll stick
709,minute two saw madame fleurys impose advance along gravel walk mount terrace step glide velvet turf toward
674,real uncle maurice nothing hear two young men easily persuade nothing would
752,charm simplicity inability take care dear little self win upon pg 133 weak whisper madame fleury squeeze hand
1030,indignation two young ladies seem wholly devise marry
126,reproach forpg 23 extravagance buy much bread word marsac manage cover dexterously box cigars madame fleury notice
1139,second copy also defective may demand refund write without opportunities fix problem
536,even use astuteness keep gobble widow
1027,give glance speechless contempt around circle include every member end fontaine take part dnouement watch amaze delight silence
84,rudimentary knowledge cobble could mend shoe events say fontaine brush hat rather glad way day hour madame fleury always appear ask rent cry marsac first time show impatience try two weeks forget day rent due succeed remind
983,anything cradle grave seem suit thisperson pg 174 monsieur duval felt call upon say reprovingly delphine next moment weaken mutter wish marsac
867,ill forget
587,door open duvals go say goodbye tenth time two young men saw come stairs compact shrewd face maurepas editorinchief
790,yes one might lose loveletter hazard marsac
546,see sofa yes say monsieur duval punch poor old sofa motheaten
179,pg 33 dont know right monsieur fontaine really superior man consequently better suit door moment fly wide open fontaine rush inhis coat mass mud rag trousers slit knee hip marsacs shoe
372,absence thepg 64 newspaper office cut small salary din favourite restaurant every day smoke best cigars enjoy luxuries often one sou rattle another
1105,nearly individual work collection public domain unite state
328,time come fee man fontaine say sadly marsac must pay tonight
938,mademoisellei implore marsac get far delphine slam door face
1143,invalidity unenforceability provision agreement shall void remain provision
479,forget tomorrow dine prince next day marshal day archbishop duval little stagger magnificent name remark think tell today monsieur fontaine go society account mourn coolly respond marsac
636,feel
610,fact say candid manner monsieur maurepas
756,might find man could love old duval stick sentimentally one side
98,madame fleury handsome woman fiveandthirty fine dark eye carriage full grace dignity moreover exhibit selfpoise selfpossession prime minister might envy
476,wish meet niece delphine lately come live daughter
1108,easily comply term agreement keep work format attach full project gutenberg license share without charge others
173,brilliant idea come 32 glance madame fleury saw well felt rage rise heart
860,terrible dnouement wreck havoc make old man disappointment touch marsac one best hearts world
994,never mind madame fleury
516,handsome woman comtessethe comtesse de fleury
186,fontaine say solemnly true friend
447,17 rue montignal
41,last time saw put determine air little landais assume fierce look ask bill pay
1068,delphine take little part proceedings whose heart swell marsacs triumph walk toward embrasure window
134,victimthe iphigenia speak
552,crackedbut
751,heart impulsive nature unsophisticated see know old duvals fervent answer
442,wonder much afraid women say fontaine courage ask two poor creatures even pleasure kind actionforpg 75 nothing give much pleasure pooh reply marsac
23,first exclaim scornfully pg 4 painters next scornfully still fiddlers last concentration contempt would make fortune theatre paris journalists begin bawl voice like auctioneer msieu marsac
31,moment welldressed little man enter room almost imperceptible knock unroll bill yard long begin gentlemen little bill raise eye say surprise voice arent gentlemen gentlemen pay bill monsieur landais answer madame schmid sarcastically recognise old acquaintance monsieur landais
714,madame fleury lose time proceed business
761,presently saw madame fleury take carefully cardcase fold slip paper read low voice old brewer
352,suppose real uncle maurice come walk fine daywhat would say say good morning monsieur fontaine delight see
814,two girls burst hysterical tear
809,never fourpg 144 persons merrier claire suddenly ask papa moment marsac happen glance toward highroad cross hill mile
38,dare say think wash elegant amusement 7 im sure dont know ill ever get money
549,make hole
112,20th february muse
101,glad find home monsieur marsac madame fleurys first word politest greetings exchange
874,get newspapers everybody believe iteven claire
1074,say declare would commit suicide orormarry iftell mean say answer delphine beautiful blush
350,could come life sure would please reputation give pg 61 marsac alive
627,reconcile old duval sell ill tell old fellow anything like
314,recognise fontaine see
271,little one know think hour may bring forth
177,dddo think quite fair like pig accept dazzle offer without give fontaine chance blunderingly enough speak serve
925,delphine stitch silent anger disappointment
1162,international donations gratefully accept cannot make statements concern tax treatment donations receive outside unite state
127,indeed poverty say madame fleury feel marsac see little touch continue eagerly try everything
109,bouguereau highpriced fellows simply tumble one another eagerness paint monsieur marsac say madame fleury tone velvet softness marsac perfectly understand shudder hear talk business talk art reply poor marsac
367,marsac leave presence hours labour explanations slightest certainty whether believe uncle maurice
195,know talk assure people fontaines family marry madame fleury rise majestically
889,ha chuckle
990,bill landais tailor maliciously put fontaine
75,tell shoemaker bad case confluent smallpox dare say glad let shoe nothing
386,one corner room delicious supper set outsent restaurant two young men patronise liberally
961,think delphine ask claire hand still lie fontainesthis foolish boy fortune know time dare tell
645,fontaine run open closet door let two balletgirls go sleep
715,monsieur marsac great deal trouble find seepg 127 succeed
1133,1 limit warranty disclaimer damage except right replacement refund describe paragraph 1 project gutenberg literary archive foundation owner project gutenberg trademark party distribute project gutenberg electronic work agreement disclaim liability damage cost expense include legal fee
51,ah isand two francs five centimes shoemaker want three francs halfsoling marsacs shoe begin call marsac meanwhile go empty form search pocket
79,eleven francs yesterday buy four bottle wine box cigars two loaves bread extravagant bread ask marsac cheerfully work away old screen
140,taste dangle poisonous snake
682,coffeepg 121 ice champagne cigars mitigate solitude
158,suppose commit suicide know guilty
702,must see monsieur duval jump flurry anxious way come scene
404,tell slip conciergethey minutesand go get wine flower make little feast poor souls fontaine better worse nights work marsac best fellow ever live cry fontaine hug
429,go let infernal confinement go see darling fie
772,ill return poor woman yonder immediately proceed
261,boy dont refuse fortune two million francs even paper
807,add timidly marriage contract us pg 143 destroy answer delphine supply suppose marsac mean
985,speak valuable paper take passy even
616,maurepas grow eager jump bid immediately one hundred twenty thousand francs
1070,curtain fell behind much alone another room
59,first moment meet love
318,marsac order excellent dinner champagne
85,would rather see joan arc come full tilt horseback charlotte corday dagger madame fleury bill hear say possible live comfortably large capital debts foundpg 15 say fontaine still brush hat however brush world could benefit
43,wretched joke make laugh assure first thing know ask fellow chum want anything tailor line chuck chin tell im young handsome ill get marriedpg 8 like turn fool laugh pouf
341,fontaine simply declare could face world new character keep close lodgings avoid interrogatories
593,well glad old uncle cut handsomely monsieur maurepas say marsac severely beg least respect fontaines mourn attire
603,never make speech life could
568,felt slight chill disappointment answer old strain often long say mademoiselle never courage remark delphine show beautiful teeth smile
736,madame fleury perfect mistress art coquetry apply elderly gentlemen
1114,may copy give away reuse term project gutenberg license include ebook online www locate unite state check laws country locate use ebook
525,say
866,good lad good fellow
829,marsac see fontaines gloomy mood begin jovially jauntily say old man good time must last night ask fontaine sulkily
895,leave alone marsac fontaine avoid others gaze say word
548,belong peter great
981,claire dearly love father could utter word delphine equal situation
533,business shall chance help itthat stammer marsac recollect madame fleury already propose
695,wasahemmichael angelo example michael angelo devil fellow brush paintpot man paint fontaines picture wasnt far behind play literally scream success
135,two things dreaddeath marriage
117,last madame fleury speak
529,dear sir would anything earth fontaine one get marry pg 93 ha
488,way continue expect daughter call way dinner long
248,marsac see dreadful think fontaines mind stop whoop seize fontaine arm cry honest little simpleton
991,tear pay one hundred fifty francs restore delphine chime
340,commit uncle maurice abide invention tax even marsacs power meet emergency
203,wont
1106,individual work unprotected copyright law unite state locate unite state claim right prevent copy distribute perform display create derivative work base work long reference project gutenberg remove
847,old man advance still hold shabby bag
931,goodhearted creature spite figuratively drag fontaine around hair head wash scrub faithfully marsac could find heart receive coldly
143,fact fontaine seem penchantpg 26 mademoiselle claire duval daughter duval rich old brewer niecemademoiselle delphine duvalwho go live say madame fleury like show knowledge acquaintances two young men
435,tell go nowhere account recent bereavement listen
774,marsac know instant madame fleurys manuvre mean chance finish old duval private tigress drag prey offpg 137 jungle devour
890,well perhaps happy truth know fontaine could scarcely stand luckily uncle maurice conclude would make little presentable introduce claire
777,walk corner terrace best point command view ground see champagne bottle half empty drink balance wine order save eye suddenly fell upon paper lie face upward
87,dont believe though everything owe would mount ten thousand francs
779,marsac could scarcely restrain shout joy
233,half hour silence part complainings fontaines shadow old spirit come back marsac
97,nevertheless hustle coat open door best airwhich fine airpg 17 indeedand landlady madame fleury enter
898,must confess claire dont believe change affection fontaine time reply moment claire delphine enter room together
654,last dead night creep softly apartment leave note address madame fleury enclose full amount indebtedness steal downstairsmarsac violin case fontaine uncle maurices portraitthey gain streetpg 116 run satan
968,live well enough picturespg 171 play article newspapers fontaines effort cheerful grin say piteous behold
1117,additional term link project gutenberg license work post permission copyright holder find begin work
683,afar dark illumine wax candle look like firefly marsac read plato aloud assent lips contradiction heart
380,ah could live claire wife
205,know several men whopg 38 escape live widow fontaine thus urge marsac never resist life look helplessly friend landlady landlady back friend
168,find impossible raise eye face
223,even marsac begin somewhat frighten turn affairs
892,get anything wantlinen cigars liqueursand come back soon present claire cousin delphine
521,acknowledge say regard widow affair sortpg 92 person reckon tell shoulder
1127,provide accordance paragraph 1 full refund money pay work replacement copy defect electronic work discover report within 90 days receipt work
992,madame fleury say fontaine determinedly put hound long intend 176 shall today report police ask protection instead fly rage madame fleury execute masterly coup
1093,project gutenberg ebooks may modify print give awayyou may practically anything unite state ebooks protect u copyright law
213,marsac seat reflect moment say 31st april 31st april reply madame fleury
1018,comte de fleury
1125,royalty payments clearly mark send project gutenberg literary archive foundation address specify section 4 information donations project gutenberg literary archive foundation provide full refund money pay user notify write email within 30 days receipt agree term full project gutenberg license
268,hat betterpg 49 mine fontaine run fetch hat
699,unfortunately recover prospect seem brightest speech journalists dinner greatest effort myi mean fontaines life sign article make sensation ah yes many night satpg 125 writingthat read article
1083,perdition rascal plato already hope shout fontaine dance delight
732,know good deal family never see admirable opportunity world call marsac clever man moment felt greatest lunkhead existence
303,certainly look handsome new outfit
754,goodi know good yes yes ill forgive marsac hear old duval answer although forgive could tell save life thousand sham man cause innocent little heart ache
234,pg 44 one us rich relation could murder
208,quaff cup happiness hold lips
76,give pastepot
6,university press john wilson son cambridge
291,sing whistle day long make joke pretend without food fire rather amuse experience
1022,want marry monsieur marsac want marry pretty boy fontaine bawl madame schmid find voice
45,say landais wearily climb stairs god know answer madame schmid
727,try
346,moment think say mine operations say fontaine afterward take unawares hit upon winebusiness
35,work live arm legs monsieur marsac pretty boy fontaine nothing sit easychair write day long
980,sternly ask monsieur duval wheel around upon two girls
971,madame fleury cry
1113,1 unless remove reference project gutenberg 1 follow sentence active link immediate access full project gutenberg license must appear prominently whenever copy project gutenberg work work phrase project gutenberg appear phrase project gutenberg associate access display perform view copy distribute ebook use anyone anywhere unite state part world cost almost restrictions whatsoever
122,bring horrible charge print nobody appear surprise public indifference seem take grant worst true
1042,well continue unexpected twinkle eye thats may
826,profoundly love smart suppose contempt grow sharper attack love marriage suffer accordingly
393,ladies supper gravely reply marsac
1164,please check project gutenberg web page current donation methods address
831,spend every franc make pretence fortune havent get tell truth claire love bottom heart hate fraud practise upon view occur forcibly marsac
500,letter prince de landais take landaiss billi assure neither us know man except business wayand write want fontaine marry daughter actually ask money advanceabout six hundred seventyfive francsand take tone person already entitle wretched aristocratic pauper cry old duval indignantly
662,marsac dare propose delphine secure charm society enslave marriage
421,fontaine caper gleefully marsac read letter hand another note seem give almost equal pleasure
885,twenty time better
797,presently marsac light another match drop accident upon little pile piece paper
